Accuracy,Precision,Recall,F1
0.94061757719715,0.939673681648641,0.94169404706392,0.940314141130607
0.936206311503224,0.936537274772744,0.937429675181703,0.936333978132215
0.934509670851714,0.935241836006825,0.936484202132076,0.935429476215954
0.928062436375976,0.929448799924414,0.930658445441877,0.929097514574389
0.939599592806244,0.938784973752279,0.941086220833209,0.939727516565283
